{
  "sha256": "98613607061312daac5fb4aa7e6f205bdc453fd1d10494074ad6a303e9410b9c",
  "format": "bms",
  "mode": "7k",
  "laneCount": 8,
  "noteCount": 2740,
  "bpmChangesCount": 5,
  "stopsCount": 0,
  "lastPlayableTimeSec": {
    "approx": 137.1938940574517,
    "toleranceSec": 0.000001
  },
  "lastTimelineTimeSec": {
    "approx": 137.1938940574517,
    "toleranceSec": 0.01
  },
  "sampleNotes": [
    { "lane": 4, "kind": "normal", "timeSec": 1.744186046511628 },
    { "lane": 6, "kind": "normal", "timeSec": 1.744186046511628 },
    { "lane": 1, "kind": "normal", "timeSec": 2.0930232558139537 }
  ]
}
